"Timestamp","ProcessCount","WorkingSetMB","PrivateMB","Phase"
"2026/4/21 下午 12:39:18","39","8.04","6991.08","baseline"
"2026/4/21 下午 12:39:19","39","8.04","6991.08","baseline"
"2026/4/21 下午 12:39:20","39","8.04","6991.08","baseline"
"2026/4/21 下午 12:39:21","39","8.04","6991.08","baseline"
"2026/4/21 下午 12:39:22","39","8.04","6991.08","baseline"
"2026/4/21 下午 12:39:23","39","8.04","6991.08","baseline"
"2026/4/21 下午 12:39:24","39","8.04","6991.08","baseline"
"2026/4/21 下午 12:39:25","39","8.06","6991.11","baseline"
"2026/4/21 下午 12:39:26","39","8.06","6991.11","baseline"
"2026/4/21 下午 12:39:27","39","8.06","6991.11","baseline"
"2026/4/21 下午 12:39:28","39","8.06","6991.11","baseline"
"2026/4/21 下午 12:39:29","39","8.06","6991.11","baseline"
"2026/4/21 下午 12:39:33","39","0.79","6991.11","guarded"
"2026/4/21 下午 12:39:34","39","0","6991.11","guarded"
"2026/4/21 下午 12:39:36","39","0.79","6991.11","guarded"
"2026/4/21 下午 12:39:37","39","0.79","6991.11","guarded"
"2026/4/21 下午 12:39:38","39","0.01","6991.11","guarded"
"2026/4/21 下午 12:39:39","39","0.15","6991.11","guarded"
"2026/4/21 下午 12:39:40","39","0.15","6991.11","guarded"
"2026/4/21 下午 12:39:41","39","0","6991.11","guarded"
"2026/4/21 下午 12:39:42","39","0.15","6991.11","guarded"
"2026/4/21 下午 12:39:43","39","0.15","6991.11","guarded"
"2026/4/21 下午 12:39:44","39","0","6991.11","guarded"
"2026/4/21 下午 12:39:45","39","0.79","6991.11","guarded"
